Month,Coarse wool Price,Coarse wool price % Change,,Cotton price % Change,Fine wool Price,Fine wool price % Change
Apr-90,482.34,-,,-,"1,071.63",-
May-90,447.26,-7.27%,,3.28%,"1,057.18",-1.35%
Jun-90,440.99,-1.40%,,5.29%,898.24,-15.03%
Jul-90,418.44,-5.11%,,1.01%,895.83,-0.27%
Aug-90,418.44,0.00%,,-10.95%,951.22,6.18%
Sep-90,412.18,-1.50%,,0.00%,936.77,-1.52%
Oct-90,394.64,-4.26%,,0.00%,901.85,-3.73%
Nov-90,334.5,-15.24%,,1.68%,888.61,-1.47%
Dec-90,328.24,-1.87%,,1.65%,870.55,-2.03%
Jan-91,319.47,-2.67%,,0.00%,887.41,1.94%
Feb-91,323.23,1.18%,,1.08%,596.02,-32.84%
Mar-91,328.24,1.55%,,-0.53%,586.39,-1.62%
Apr-91,365.82,11.45%,,-1.61%,596.02,1.64%
May-91,371.88,1.66%,,-0.55%,721,20.97%
Jun-91,340.6,-8.41%,,-2.20%,777.51,7.84%
Jul-91,337.48,-0.92%,,-4.49%,723.48,-6.95%
Aug-91,337.22,-0.08%,,-4.71%,680.64,-5.92%
Sep-91,313.96,-6.90%,,-4.32%,613.45,-9.87%
Oct-91,308.39,-1.77%,,-3.23%,558.18,-9.01%
Nov-91,307.57,-0.27%,,-6.67%,641.49,14.93%
Dec-91,295.4,-3.96%,,-2.86%,652.19,1.67%
Jan-92,297.04,0.56%,,-3.68%,619.37,-5.03%
Feb-92,341.89,15.10%,,-5.34%,655.83,5.89%
Mar-92,341.18,-0.21%,,-1.61%,667.93,1.84%
Apr-92,352.12,3.21%,,4.92%,667.7,-0.03%
May-92,367.36,4.33%,,4.69%,663.07,-0.69%
Jun-92,364.88,-0.68%,,5.22%,633.89,-4.40%
Jul-92,363.09,-0.49%,,2.13%,595.28,-6.09%
Aug-92,351.25,-3.26%,,-8.33%,568.94,-4.42%
Sep-92,349.29,-0.56%,,-5.30%,572.72,0.66%
Oct-92,335.47,-3.96%,,-6.40%,535.26,-6.54%
Nov-92,320.1,-4.58%,,-0.85%,508.04,-5.09%
Dec-92,310.7,-2.94%,,3.45%,512.94,0.96%
Jan-93,312.39,0.54%,,5.00%,495.22,-3.45%
Feb-93,309.68,-0.87%,,5.56%,469.37,-5.22%
Mar-93,309.67,0.00%,,2.26%,469.37,0.00%
Apr-93,328.92,6.22%,,-0.74%,429.69,-8.45%
May-93,337.01,2.46%,,-1.48%,468.13,8.95%
Jun-93,327.79,-2.74%,,-2.26%,470.06,0.41%
Jul-93,324.38,-1.04%,,-2.31%,464.93,-1.09%
Aug-93,313.93,-3.22%,,-3.94%,450.74,-3.05%
Sep-93,310.83,-0.99%,,0.00%,423.51,-6.04%
Oct-93,316.62,1.86%,,-0.82%,454.84,7.40%
Nov-93,325.5,2.80%,,0.00%,497.77,9.44%
Dec-93,320.03,-1.68%,,8.26%,465.45,-6.49%
Jan-94,320.1,0.02%,,16.79%,542.31,16.51%
Feb-94,338.13,5.63%,,16.34%,606.03,11.75%
Mar-94,379.25,12.16%,,1.12%,609.58,0.59%
Apr-94,376.82,-0.64%,,2.78%,645.79,5.94%
May-94,398.37,5.72%,,2.70%,719.63,11.43%
Jun-94,394.46,-0.98%,,-0.53%,779.41,8.31%
Jul-94,411.95,4.43%,,-4.76%,773.5,-0.76%
Aug-94,425.91,3.39%,,-6.11%,806.82,4.31%
Sep-94,444.48,4.36%,,-1.78%,876.1,8.59%
Oct-94,433.45,-2.48%,,-1.81%,824.64,-5.87%
Nov-94,446.07,2.91%,,4.91%,881.7,6.92%
Dec-94,426.04,-4.49%,,12.28%,878.41,-0.37%
Jan-95,447.06,4.93%,,9.90%,904.18,2.93%
Feb-95,467.94,4.67%,,5.69%,892.34,-1.31%
Mar-95,516.73,10.43%,,9.42%,887.13,-0.58%
Apr-95,520.27,0.69%,,2.87%,867.85,-2.17%
May-95,516.49,-0.73%,,0.80%,839.28,-3.29%
Jun-95,519.41,0.57%,,-20.95%,826.06,-1.58%
Jul-95,537.66,3.51%,,-3.50%,751.11,-9.07%
Aug-95,547.44,1.82%,,-2.59%,789.25,5.08%
Sep-95,507.04,-7.38%,,6.91%,732.98,-7.13%
Oct-95,495.99,-2.18%,,0.00%,622.07,-15.13%
Nov-95,436.58,-11.98%,,-1.99%,600.95,-3.40%
Dec-95,453.11,3.79%,,-1.52%,590.53,-1.73%
Jan-96,456.77,0.81%,,-2.06%,584.39,-1.04%
Feb-96,450.38,-1.40%,,-1.58%,525.31,-10.11%
Mar-96,439.18,-2.49%,,-2.14%,573.83,9.24%
Apr-96,416.56,-5.15%,,0.00%,597.67,4.15%
May-96,440.06,5.64%,,0.00%,743.54,24.41%
Jun-96,447.61,1.72%,,0.00%,701.36,-5.67%
Jul-96,420.32,-6.10%,,-3.83%,671.43,-4.27%
Aug-96,417.67,-0.63%,,-4.55%,751.65,11.95%
Sep-96,404.38,-3.18%,,-1.19%,738.33,-1.77%
Oct-96,416.41,2.97%,,0.00%,681.61,-7.68%
Nov-96,419.48,0.74%,,1.20%,616.97,-9.48%
Dec-96,417.72,-0.42%,,4.17%,632.94,2.59%
Jan-97,408.62,-2.18%,,0.57%,677.73,7.08%
Feb-97,442.94,8.40%,,0.57%,730.96,7.85%
Mar-97,425.82,-3.87%,,0.56%,719.66,-1.55%
Apr-97,451.19,5.96%,,-2.25%,764.21,6.19%
May-97,467.49,3.61%,,0.57%,805,5.34%
Jun-97,478.76,2.41%,,1.71%,829.35,3.02%
Jul-97,478.56,-0.04%,,0.56%,826.26,-0.37%
Aug-97,427.63,-10.64%,,0.00%,765.93,-7.30%
Sep-97,448.81,4.95%,,-1.68%,801.91,4.70%
Oct-97,435.41,-2.99%,,-2.84%,769.16,-4.08%
Nov-97,434.67,-0.17%,,-0.58%,739.89,-3.81%
Dec-97,413.62,-4.84%,,-3.53%,688.07,-7.00%
Jan-98,399.02,-3.53%,,-3.05%,636.11,-7.55%
Feb-98,406.64,1.91%,,-4.40%,631.72,-0.69%
Mar-98,384.83,-5.36%,,-0.66%,625.92,-0.92%
Apr-98,379.81,-1.30%,,-3.97%,627.82,0.30%
May-98,355.7,-6.35%,,-2.07%,606.13,-3.45%
Jun-98,348.24,-2.10%,,7.04%,595.3,-1.79%
Jul-98,308.83,-11.32%,,1.32%,583.14,-2.04%
Aug-98,296.93,-3.85%,,-2.60%,500.19,-14.22%
Sep-98,280.11,-5.66%,,-2.67%,462.89,-7.46%
Oct-98,286.85,2.41%,,-6.85%,417.47,-9.81%
Nov-98,294.93,2.82%,,-8.82%,472.27,13.13%
Dec-98,294.77,-0.05%,,-0.81%,474.81,0.54%
Jan-99,299.37,1.56%,,0.00%,489.07,3.00%
Feb-99,287.1,-4.10%,,0.81%,493.14,0.83%
Mar-99,297.46,3.61%,,0.81%,626.64,27.07%
Apr-99,298.88,0.48%,,1.60%,680.43,8.58%
May-99,288.74,-3.39%,,3.94%,620.3,-8.84%
Jun-99,288.32,-0.15%,,-2.27%,676.74,9.10%
Jul-99,286.32,-0.69%,,-6.98%,690.03,1.96%
Aug-99,254.34,-11.17%,,-6.67%,631.04,-8.55%
Sep-99,247.09,-2.85%,,-2.68%,623.26,-1.23%
Oct-99,247.29,0.08%,,-3.67%,619.83,-0.55%
Nov-99,255.49,3.32%,,-2.86%,631.74,1.92%
Dec-99,267.26,4.61%,,-4.90%,648.77,2.70%
Jan-00,276.44,3.43%,,8.25%,724.21,11.63%
Feb-00,260.07,-5.92%,,12.38%,727.09,0.40%
Mar-00,267.1,2.70%,,6.78%,767.31,5.53%
Apr-00,273.81,2.51%,,2.38%,801.42,4.45%
May-00,290.37,6.05%,,3.10%,817.72,2.03%
Jun-00,293.98,1.24%,,-1.50%,764.33,-6.53%
Jul-00,302.36,2.85%,,-1.53%,746.93,-2.28%
Aug-00,289.92,-4.11%,,3.88%,717.29,-3.97%
Sep-00,283.27,-2.29%,,1.49%,695.9,-2.98%
Oct-00,279.87,-1.20%,,-1.47%,688.38,-1.08%
Nov-00,267.66,-4.36%,,5.22%,663.53,-3.61%
Dec-00,286.88,7.18%,,2.84%,688.39,3.75%
Jan-01,309.69,7.95%,,-2.76%,716.14,4.03%
Feb-01,323.95,4.60%,,-5.67%,733.28,2.39%
Mar-01,315.36,-2.65%,,-9.77%,688.23,-6.14%
Apr-01,327.52,3.86%,,-5.83%,760.63,10.52%
May-01,325.69,-0.56%,,-2.65%,716.77,-5.77%
Jun-01,326.92,0.38%,,-4.55%,683.81,-4.60%
Jul-01,328.26,0.41%,,-4.76%,630.79,-7.75%
Aug-01,348.94,6.30%,,-4.00%,617.91,-2.04%
Sep-01,340.53,-2.41%,,-5.21%,524.19,-15.17%
Oct-01,330.29,-3.01%,,-9.89%,441.98,-15.68%
Nov-01,335.91,1.70%,,2.44%,466.09,5.45%
Dec-01,376.13,11.97%,,13.10%,501.44,7.58%
Jan-02,444.11,18.07%,,1.05%,599.55,19.57%
Feb-02,516.35,16.27%,,-2.08%,621.99,3.74%
Mar-02,529.16,2.48%,,-1.06%,607.57,-2.32%
Apr-02,525.07,-0.77%,,-2.15%,614.56,1.15%
May-02,519.78,-1.01%,,-3.30%,619.09,0.74%
Jun-02,548.84,5.59%,,9.09%,603.14,-2.58%
Jul-02,539.68,-1.67%,,7.29%,569.12,-5.64%
Aug-02,534.99,-0.87%,,5.83%,575.72,1.16%
Sep-02,584.34,9.22%,,-0.92%,642.41,11.58%
Oct-02,664.34,13.69%,,0.93%,748.18,16.46%
Nov-02,691.81,4.13%,,5.50%,768.39,2.70%
Dec-02,689.34,-0.36%,,6.09%,763.16,-0.68%
Jan-03,725.81,5.29%,,2.46%,800.63,4.91%
Feb-03,734.89,1.25%,,3.20%,778.49,-2.77%
Mar-03,681.58,-7.25%,,4.65%,733.7,-5.75%
Apr-03,685.72,0.61%,,-0.74%,740.17,0.88%
May-03,633.01,-7.69%,,-4.48%,678.33,-8.35%
Jun-03,680.28,7.47%,,0.78%,697.09,2.77%
Jul-03,684.95,0.69%,,3.10%,678.54,-2.66%
Aug-03,653.47,-4.60%,,0.00%,670.87,-1.13%
Sep-03,647.28,-0.95%,,6.02%,674.52,0.54%
Oct-03,602.73,-6.88%,,13.48%,664.39,-1.50%
Nov-03,589.76,-2.15%,,6.25%,646.52,-2.69%
Dec-03,588.41,-0.23%,,-4.71%,661.25,2.28%
Jan-04,613.51,4.27%,,3.09%,729.36,10.30%
Feb-04,611.93,-0.26%,,-2.40%,721.52,-1.07%
Mar-04,587.69,-3.96%,,-2.45%,708.75,-1.77%
Apr-04,554.63,-5.63%,,-3.77%,706.12,-0.37%
May-04,533.09,-3.88%,,0.65%,676.93,-4.13%
Jun-04,560.59,5.16%,,-7.79%,708.15,4.61%
Jul-04,553.05,-1.35%,,-11.27%,717.64,1.34%
Aug-04,528.97,-4.35%,,-5.56%,714.35,-0.46%
Sep-04,500.93,-5.30%,,4.20%,703.6,-1.50%
Oct-04,508.86,1.58%,,-6.45%,718.96,2.18%
Nov-04,537.86,5.70%,,-6.90%,736.03,2.37%
Dec-04,547.3,1.76%,,-0.93%,717.96,-2.46%
Jan-05,556.94,1.76%,,5.61%,730.77,1.78%
Feb-05,549.33,-1.37%,,2.65%,734.66,0.53%
Mar-05,545.18,-0.76%,,6.90%,728.58,-0.83%
Apr-05,543.69,-0.27%,,1.61%,729.18,0.08%
May-05,543.49,-0.04%,,-2.38%,717.13,-1.65%
Jun-05,553.32,1.81%,,-3.25%,684.6,-4.54%
Jul-05,563.57,1.85%,,1.68%,692.06,1.09%
Aug-05,531.87,-5.62%,,-1.65%,668.84,-3.36%
Sep-05,517.85,-2.64%,,1.68%,647.4,-3.21%
Oct-05,500.83,-3.29%,,5.79%,622.57,-3.84%
Nov-05,481.51,-3.86%,,-2.34%,593.69,-4.64%
Dec-05,479.73,-0.37%,,0.00%,583.24,-1.76%
Jan-06,496.6,3.52%,,3.20%,639.17,9.59%
Feb-06,520.76,4.87%,,2.33%,709.73,11.04%
Mar-06,528.71,1.53%,,-3.79%,698.75,-1.55%
Apr-06,515.46,-2.51%,,-2.36%,697.7,-0.15%
May-06,522,1.27%,,-3.23%,732.25,4.95%
Jun-06,515.63,-1.22%,,1.67%,714.49,-2.43%
Jul-06,522.87,1.40%,,0.00%,704.85,-1.35%
Aug-06,534.29,2.18%,,8.20%,717.56,1.80%
Sep-06,521.83,-2.33%,,-1.52%,704.91,-1.76%
Oct-06,524.66,0.54%,,-3.08%,690.74,-2.01%
Nov-06,640.02,21.99%,,0.79%,790.34,14.42%
Dec-06,644.21,0.65%,,3.15%,790.69,0.04%
Jan-07,715.51,11.07%,,-0.76%,893.66,13.02%
Feb-07,706.96,-1.19%,,-1.54%,875.62,-2.02%
Mar-07,724.75,2.52%,,0.78%,914.02,4.39%
Apr-07,742.55,2.46%,,-2.33%,940.37,2.88%
May-07,788.25,6.15%,,-3.17%,989.08,5.18%
Jun-07,787.58,-0.08%,,9.84%,987.73,-0.14%
Jul-07,761.64,-3.29%,,11.94%,936.34,-5.20%
Aug-07,732.83,-3.78%,,-2.00%,914.11,-2.37%
Sep-07,765.24,4.42%,,2.04%,943.08,3.17%
Oct-07,807.45,5.52%,,1.33%,"1,080.64",14.59%
Nov-07,828.19,2.57%,,1.32%,"1,102.71",2.04%
Dec-07,817.45,-1.30%,,-0.65%,"1,097.26",-0.49%
Jan-08,840.86,2.86%,,5.23%,"1,157.37",5.48%
Feb-08,843.77,0.35%,,2.48%,"1,154.25",-0.27%
Mar-08,835.3,-1.00%,,7.27%,"1,136.00",-1.58%
Apr-08,823.97,-1.36%,,-6.21%,"1,133.42",-0.23%
May-08,781.49,-5.16%,,-1.81%,"1,062.44",-6.26%
Jun-08,778.46,-0.39%,,4.29%,"1,041.10",-2.01%
Jul-08,793.63,1.95%,,0.00%,"1,047.97",0.66%
Aug-08,717.57,-9.58%,,1.18%,941.71,-10.14%
Sep-08,656.35,-8.53%,,-5.81%,896.79,-4.77%
Oct-08,510.28,-22.25%,,-15.43%,734.91,-18.05%
Nov-08,450.98,-11.62%,,-11.68%,646.17,-12.07%
Dec-08,477.83,5.95%,,0.83%,666.39,3.13%
Jan-09,464.59,-2.77%,,4.10%,625.45,-6.14%
Feb-09,449.72,-3.20%,,-3.94%,586.26,-6.27%
Mar-09,460.47,2.39%,,-6.56%,617.15,5.27%
Apr-09,516.6,12.19%,,9.65%,686.86,11.30%
May-09,599.31,16.01%,,9.60%,761.34,10.84%
Jun-09,609.15,1.64%,,-1.46%,741.73,-2.58%
Jul-09,609.3,0.02%,,5.93%,763.62,2.95%
Aug-09,655.49,7.58%,,-0.70%,822.57,7.72%
Sep-09,690.91,5.40%,,-0.70%,867.58,5.47%
Oct-09,743.59,7.62%,,4.26%,944.85,8.91%
Nov-09,756.8,1.78%,,7.48%,953.95,0.96%
Dec-09,780.4,3.12%,,6.33%,970.08,1.69%
Jan-10,842.89,8.01%,,1.79%,"1,001.54",3.24%
Feb-10,818.02,-2.95%,,2.92%,972.9,-2.86%
Mar-10,850.47,3.97%,,7.39%,"1,004.69",3.27%
Apr-10,817.36,-3.89%,,2.65%,992.28,-1.24%
May-10,764.57,-6.46%,,2.58%,919.88,-7.30%
Jun-10,762.81,-0.23%,,3.02%,919.52,-0.04%
Jul-10,779.24,2.15%,,-9.27%,918.35,-0.13%
Aug-10,788.43,1.18%,,6.99%,935.59,1.88%
Sep-10,790.39,0.25%,,16.08%,988.23,5.63%
Oct-10,853.99,8.05%,,20.78%,"1,084.72",9.76%
Nov-10,889.49,4.16%,,22.22%,"1,274.93",17.54%
Dec-10,883.84,-0.64%,,8.50%,"1,266.17",-0.69%
Jan-11,"1,011.45",14.44%,,6.49%,"1,549.40",22.37%
Feb-11,"1,060.91",4.89%,,19.29%,"1,633.11",5.40%
Mar-11,"1,209.44",14.00%,,7.66%,"1,702.98",4.28%
Apr-11,"1,309.26",8.25%,,-5.53%,"1,743.67",2.39%
May-11,"1,302.51",-0.52%,,-23.64%,"1,792.97",2.83%
Jun-11,"1,385.67",6.38%,,-12.88%,"1,865.44",4.04%
Jul-11,"1,362.27",-1.69%,,-15.41%,"1,786.85",-4.21%
Aug-11,"1,248.45",-8.36%,,-6.32%,"1,655.59",-7.35%
Sep-11,"1,170.50",-6.24%,,2.38%,"1,593.20",-3.77%
Oct-11,"1,053.65",-9.98%,,-5.43%,"1,431.33",-10.16%
Nov-11,"1,133.17",7.55%,,-5.33%,"1,469.25",2.65%
Dec-11,"1,165.66",2.87%,,-9.09%,"1,434.37",-2.37%
Jan-12,"1,279.54",9.77%,,6.19%,"1,503.94",4.85%
Feb-12,"1,391.47",8.75%,,-0.45%,"1,560.82",3.78%
Mar-12,"1,340.63",-3.65%,,-1.35%,"1,539.52",-1.36%
Apr-12,"1,286.37",-4.05%,,0.46%,"1,441.50",-6.37%
May-12,"1,231.12",-4.30%,,-11.36%,"1,340.30",-7.02%
Jun-12,"1,203.80",-2.22%,,-7.18%,"1,285.42",-4.09%
Jul-12,"1,225.79",1.83%,,2.21%,"1,291.24",0.45%
Aug-12,"1,122.96",-8.39%,,0.54%,"1,212.89",-6.07%
Sep-12,"1,054.30",-6.11%,,0.00%,"1,149.49",-5.23%
Oct-12,"1,068.37",1.33%,,-2.69%,"1,204.76",4.81%
Nov-12,"1,104.83",3.41%,,-1.66%,"1,259.30",4.53%
Dec-12,"1,197.18",8.36%,,3.37%,"1,354.80",7.58%
Jan-13,"1,242.76",3.81%,,2.72%,"1,388.63",2.50%
Feb-13,"1,234.89",-0.63%,,4.76%,"1,374.59",-1.01%
Mar-13,"1,207.47",-2.22%,,5.05%,"1,324.09",-3.67%
Apr-13,"1,112.85",-7.84%,,-2.40%,"1,208.59",-8.72%
May-13,"1,086.81",-2.34%,,0.49%,"1,158.03",-4.18%
Jun-13,"1,088.31",0.14%,,0.49%,"1,117.67",-3.49%
Jul-13,"1,042.29",-4.23%,,-0.49%,"1,025.28",-8.27%
Aug-13,"1,009.86",-3.11%,,0.00%,"1,030.63",0.52%
Sep-13,"1,068.76",5.83%,,-2.45%,"1,159.01",12.46%
Oct-13,"1,119.15",4.71%,,-1.01%,"1,198.72",3.43%
Nov-13,"1,094.20",-2.23%,,-5.08%,"1,189.59",-0.76%
Dec-13,"1,096.79",0.24%,,3.21%,"1,198.15",0.72%
Jan-14,"1,085.87",-1.00%,,4.15%,"1,147.24",-4.25%
Feb-14,"1,082.29",-0.33%,,2.99%,"1,117.21",-2.62%
Mar-14,"1,070.84",-1.06%,,3.38%,"1,077.57",-3.55%
Apr-14,"1,098.16",2.55%,,-2.80%,"1,088.02",0.97%
May-14,"1,057.29",-3.72%,,-1.92%,"1,096.85",0.81%
Jun-14,"1,050.37",-0.65%,,-1.96%,"1,073.17",-2.16%
Jul-14,"1,057.66",0.69%,,-7.50%,"1,078.15",0.46%
Aug-14,"1,029.25",-2.69%,,-11.89%,"1,069.75",-0.78%
Sep-14,996.74,-3.16%,,-0.61%,"1,056.50",-1.24%
Oct-14,974.34,-2.25%,,-4.32%,"1,044.01",-1.18%
Nov-14,971.71,-0.27%,,-3.87%,"1,041.97",-0.20%
Dec-14,940.88,-3.17%,,1.34%,"1,002.13",-3.82%
Jan-15,907.32,-3.57%,,-1.99%,967.03,-3.50%
Feb-15,891.63,-1.73%,,4.05%,946.91,-2.08%
Mar-15,874.58,-1.91%,,-0.65%,929.45,-1.84%
Apr-15,882.41,0.90%,,3.31%,986.76,6.17%
May-15,990.58,12.26%,,1.85%,"1,114.58",12.95%
Jun-15,"1,032.18",4.20%,,-0.62%,"1,137.80",2.08%
Jul-15,952.43,-7.73%,,0.00%,"1,009.65",-11.26%
Aug-15,962.41,1.05%,,-1.25%,"1,022.68",1.29%
Sep-15,901.25,-6.35%,,-3.80%,966.74,-5.47%
Oct-15,882.43,-2.09%,,0.00%,956.06,-1.10%
Nov-15,916.84,3.90%,,0.66%,"1,003.06",4.92%
Dec-15,939.4,2.46%,,1.31%,"1,028.32",2.52%
Jan-16,929.73,-1.03%,,-1.94%,"1,014.23",-1.37%
Feb-16,960.85,3.35%,,-3.29%,"1,017.06",0.28%
Mar-16,986.75,2.70%,,-2.04%,"1,039.01",2.16%
Apr-16,"1,023.00",3.67%,,6.25%,"1,087.92",4.71%
May-16,988.79,-3.34%,,1.31%,"1,096.27",0.77%
Jun-16,"1,015.26",2.68%,,5.16%,"1,094.21",-0.19%
Jul-16,"1,089.07",7.27%,,9.82%,"1,132.60",3.51%
Aug-16,"1,095.75",0.61%,,-1.12%,"1,141.04",0.75%
Sep-16,"1,061.80",-3.10%,,-2.82%,"1,147.40",0.56%
Oct-16,"1,023.64",-3.59%,,0.58%,"1,188.10",3.55%
Nov-16,"1,019.21",-0.43%,,0.58%,"1,189.28",0.10%
Dec-16,"1,002.56",-1.63%,,0.57%,"1,196.96",0.65%
Jan-17,"1,027.72",2.51%,,4.00%,"1,289.97",7.77%
Feb-17,"1,029.58",0.18%,,3.30%,"1,368.14",6.06%
Mar-17,"1,059.60",2.92%,,1.60%,"1,454.83",6.34%
Apr-17,991.12,-6.46%,,0.52%,"1,404.98",-3.43%
May-17,"1,019.95",2.91%,,1.56%,"1,433.47",2.03%
Jun-17,"1,065.81",4.50%,,-4.10%,"1,403.83",-2.07%
Jul-17,,,,-1.07%,,
Aug-17,,,,-5.41%,,
Sep-17,,,,1.71%,,
Oct-17,,,,-2.81%,,
Nov-17,,,,2.31%,,
Dec-17,,,,6.21%,,
Jan-18,,,,6.91%,,
Feb-18,,,,-2.99%,,
Mar-18,,,,4.10%,,
Apr-18,,,,0.00%,,
May-18,,,,2.46%,,
Jun-18,,,,3.37%,,
Jul-18,,,,-1.40%,,
Aug-18,,,,-1.89%,,
Sep-18,,,,-4.33%,,
Oct-18,,,,-4.02%,,
Nov-18,,,,0.00%,,
Dec-18,,,,-0.52%,,
Jan-19,,,,-4.21%,,
Feb-19,,,,-1.65%,,
Mar-19,,,,3.35%,,
Apr-19,,,,3.78%,,
May-19,,,,-7.81%,,
Jun-19,,,,-3.39%,,
Jul-19,,,,-2.34%,,
Aug-19,,,,-6.59%,,
Sep-19,,,,0.64%,,
Oct-19,,,,3.82%,,
Nov-19,,,,1.23%,,
Dec-19,,,,1.21%,,
Jan-20,,,,4.19%,,
Feb-20,,,,-2.87%,,
Mar-20,,,,-11.83%,,
Apr-20,,,,-6.04%,,
