paper_id,title,authors,year,research_domain,key_technologies,methodology,key_findings,strengths,limitations,research_gaps_identified,relevance_to_wool_monitoring
P01,Application Development for Monitoring of Wool from Farm to Fabric (IoT Focus),"M. Gayathri Devi, J. Kamesh, K. Bharath Ganesh, K. Gokul",2024,IoT in Agriculture/Textile Monitoring,"IoT sensors, Machine learning, Predictive analytics, Blockchain integration","IoT sensor deployment, ML algorithm implementation, Real-time data collection, System integration",Comprehensive monitoring system with IoT and ML integration enhances wool production efficiency,"Comprehensive IoT-ML integration, Real-time monitoring, Predictive analytics capabilities","Limited field testing, Integration complexity, High implementation costs","Limited real-world deployment in wool sector, Integration with existing systems",Directly relevant - wool production monitoring focus
P02,Web Based Monitoring of Wool from Farm to Fabric,"T.U. Badkar, Y.P. Chavan, S.L. Keste",2024,Web-based Wool Supply Chain Management,"React.js, Flask backend, MySQL database, JWT authentication, Real-time tracking","System development, Database design, API integration, User interface development","Web-based system improves transparency, traceability, and quality assurance in wool supply chain","User-friendly interface, Real-time tracking, Quality assurance modules, Cloud deployment","Limited to web platform, No mobile integration, Scalability concerns","Mobile application gap, Advanced analytics missing, Limited scalability assessment",Highly relevant - wool supply chain management
P03,Enhancing Supply Chain Traceability through Blockchain and IoT Integration,Tecnoscientifica Research Team,2023,Blockchain & IoT Supply Chain Integration,"Blockchain technology, IoT sensors, Machine learning algorithms, Supply chain analytics","Systematic literature review, Technology integration analysis, Case study methodology",Blockchain and IoT integration provides end-to-end visibility and real-time monitoring capabilities,"Strong theoretical foundation, Technology integration focus, Scalability analysis","Literature review only, No practical implementation, Limited scope","Lack of wool-specific implementation studies, Limited Indian context research",Moderately relevant - supply chain traceability concepts
P04,Blockchain-based Framework for Supply Chain Traceability in Textile Industry,Science Direct Research Group,2021,Blockchain Textile Traceability,"Blockchain framework, Multi-tier traceability, Smart contracts","Framework development, Multi-tier analysis, Blockchain implementation study",Multi-tier blockchain framework enables comprehensive textile supply chain traceability,"Multi-tier approach, Comprehensive framework, Blockchain security features","Theoretical framework, Limited real-world validation, Scalability challenges","Real-world deployment challenges, Cost-benefit analysis missing",Moderately relevant - textile traceability framework
P05,Exploring the Potential of Blockchain Technology within Fashion and Textile Supply Chain,"Aayushi Badhwar, Saniyat Islam, Caroline Swee Lin Tan",2023,Blockchain Fashion Supply Chain,"Blockchain technology, Supply chain transparency, Product authenticity verification","Systematic review, Empirical analysis, Case studies, Supply chain assessment","Blockchain technology addresses traceability, transparency, and authenticity challenges in fashion","Systematic methodology, Fashion industry focus, Practical implementation insights","Review-based study, Limited quantitative analysis, No implementation details","Limited wool industry focus, Lack of quantitative implementation studies",Moderately relevant - fashion supply chain transparency
P06,Redefining Supply Chain Practices in the Textile Industry through Blockchain,"Sadurya G, Selvaranee JK",2025,Blockchain Textile Industry Applications,"Blockchain implementation, Circular economy integration, Sustainability metrics","Quantitative analysis, Optimal control modeling, Economic impact assessment",25% reduction in energy consumption and 40% improvement in traceability accuracy achieved,"Quantitative validation, Economic impact assessment, Sustainability integration","Case study limited to one company, Scalability questions, High implementation costs","Limited multi-company validation, Scalability across different textile sectors",Moderately relevant - textile blockchain applications
P07,Digital Transformation in Jayashree Textiles Manufacturing,Jayashree Textiles Ltd.,2020,Digital Transformation in Textiles,"Digital platforms, Real-time tracking, Predictive maintenance, ERP integration","Digital transformation strategy, Technology deployment, Performance monitoring","Digital transformation improved efficiency, quality, and reduced downtime in textile manufacturing","Industry implementation, Real-world results, Multi-technology integration","Limited to single company, No industry-wide assessment, Technology-focused approach","Wool industry digital transformation gap, Limited supply chain integration",Relevant - digital transformation in textiles
P08,IoT Transforms Textile Manufacturing for Sustainability,Clariontech Digital Solutions,2017,IoT Textile Manufacturing,"IoT sensors, Real-time monitoring, Energy management, Manufacturing execution systems","IoT integration analysis, Sustainability assessment, Manufacturing process optimization",IoT integration achieved 15% reduction in downtime and 20% improvement in energy efficiency,"Detailed IoT implementation, Sustainability focus, Manufacturing optimization","Single industry focus, Limited wool-specific applications, Implementation complexity","Wool-specific IoT applications missing, Limited farm-to-fabric integration",Relevant - IoT applications in textile manufacturing
P09,Paat-Mitro Mobile Application for Jute Farmers,The Jute Corporation of India Limited (JCI),2023,Mobile Apps for Fiber Crop Farmers,"Mobile application, Multi-language support, MSP tracking, Weather forecasting","Mobile app development, User experience design, Multi-language implementation",Multi-language mobile app successfully empowered jute farmers with market information,"Government backing, Multi-language support, Farmer-centric features","Limited to jute sector, No integration with other crops, Basic functionality","Limited integration with other fiber crops, No quality assessment features",Relevant - fiber crop farmer mobile applications
P10,Cott-Ally Mobile App for Cotton Farmers,Cotton Corporation of India Limited (CCI),2023,Mobile Apps for Cotton Farmers,"Mobile platform, Regional languages, MSP rates, Payment tracking, Live chat","Mobile platform development, Regional customization, Government integration",Mobile platform improved cotton farmer access to MSP rates and procurement centers,"Large-scale implementation, Regional customization, Direct farmer engagement","Cotton-specific application, Limited cross-crop functionality, Basic features","Cross-crop application missing, Limited supply chain integration",Relevant - agricultural fiber mobile platform
P11,LOOP Mobile App for Farm to Market Linkages,Digital Green Organization,2017,Digital Farm-to-Market Platforms,"Mobile application, Digital ledger, Transaction recording, Market linkage","Pilot project implementation, User behavior analysis, Market linkage study",Digital platform saved farmers 6 hours travel time and provided competitive pricing,"Practical pilot implementation, User behavior insights, Market impact assessment","Limited geographic scope, Basic functionality, No advanced analytics","Limited to vegetables, No wool/textile sector applications",Relevant - farm-to-market digital platform concepts
P12,BharatAgri: Digital Agricultural Marketplace Platform,BharatAgri Development Team,2025,Agricultural Digital Marketplace,"E-commerce platform, Agricultural products, Digital payment, Supply chain management","Platform development, E-commerce integration, Agricultural supply chain digitization",E-commerce platform serves 15+ lakh farmers across India with agricultural products,"Large user base, Comprehensive product range, Established market presence","Commercial platform, Limited research insights, No academic validation","Limited research validation, No wool sector focus, Basic traceability",Relevant - agricultural marketplace digitization
P13,eNAM: National Agriculture Market Mobile Platform,Small Farmers' Agri-Business Consortium,2025,National Agricultural Trading Platform,"Electronic trading, Remote bidding, Price discovery, Market integration","Electronic trading platform, Market integration, Mobile application development",Electronic trading platform facilitates remote bidding and price discovery for farmers,"Government initiative, National scale, Electronic trading integration","Government platform, Limited innovation, Basic mobile features","Limited innovation features, No wool sector integration",Relevant - agricultural trading platform
P14,NAAGALI: Farmers Marketplace Application,Nextbrain Technologies,2023,Agricultural Mobile Commerce,"Marketplace platform, Agricultural trading, Regional language support","Mobile marketplace development, Agricultural commerce digitization",Regional mobile marketplace enables farmers to trade without intermediary commissions,"Regional language support, Commission-free trading, Multi-category marketplace","Regional focus, Limited scalability, Basic marketplace features","Basic functionality, Limited quality assessment, No blockchain integration",Relevant - agricultural mobile marketplace
P15,Supply Chain Transparency and Traceability in Textile and Apparel Industry,Md Sadaqul Bari,2022,Supply Chain Transparency Research,"Supply chain mapping, Transparency frameworks, Traceability assessment","Qualitative research, Supply chain mapping, Transparency assessment",Most companies lack comprehensive evaluation systems for transparency and traceability,"Comprehensive industry analysis, Transparency assessment, Strategic insights","Qualitative focus, Limited quantitative metrics, No implementation framework","Limited wool industry analysis, No mobile platform assessment",Highly relevant - supply chain transparency research
